Facultad,Programa,Periodo,Inscritos (1ra Opción),Admitidos (1ra y 2da Opción),Nuevos del periodo,Reservas y Transferencias,Matriculados
Administración,Administración,2017-1,474.0,150.0,67.0,9.0,76.0
Administración,Administración,2018-1,347.0,237.0,71.0,14.0,85.0
Administración,Administración,2019-1,370.0,265.0,91.0,11.0,102.0
Administración,Administración,2020-1,381.0,333.0,106.0,18.0,124.0
Administración,Administración,2021-1,485.0,349.0,115.0,16.0,131.0
Administración,Administración,2017-2,378.0,158.0,77.0,5.0,82.0
Administración,Administración,2018-2,460.0,207.0,102.0,12.0,114.0
Administración,Administración,2019-2,461.0,260.0,111.0,12.0,123.0
Administración,Administración,2020-2,530.0,406.0,167.0,14.0,181.0
Administración,Contaduría Internacional,2017-1,77.0,38.0,19.0,3.0,22.0
Administración,Contaduría Internacional,2018-1,50.0,24.0,7.0,0.0,7.0
Administración,Contaduría Internacional,2019-1,42.0,16.0,7.0,0.0,7.0
Administración,Contaduría Internacional,2020-1,49.0,29.0,6.0,1.0,7.0
Administración,Contaduría Internacional,2017-2,46.0,45.0,25.0,2.0,27.0
Administración,Contaduría Internacional,2018-2,25.0,20.0,10.0,1.0,11.0
Administración,Contaduría Internacional,2019-2,16.0,20.0,5.0,0.0,5.0
Administración,Contaduría Internacional,2020-2,9.0,3.0,,,
Administración,Total,2017-1,551.0,188.0,86.0,12.0,98.0
Administración,Total,2018-1,397.0,261.0,78.0,14.0,92.0
Administración,Total,2019-1,412.0,281.0,98.0,11.0,109.0
Administración,Total,2020-1,430.0,362.0,112.0,19.0,131.0
Administración,Total,2021-1,485.0,349.0,115.0,16.0,131.0
Administración,Total,2017-2,424.0,203.0,102.0,7.0,109.0
Administración,Total,2018-2,485.0,227.0,112.0,13.0,125.0
Administración,Total,2019-2,477.0,280.0,116.0,12.0,128.0
Administración,Total,2020-2,539.0,409.0,167.0,14.0,181.0
Arquitectura y Diseño,Arquitectura,2017-1,466.0,135.0,58.0,15.0,73.0
Arquitectura y Diseño,Arquitectura,2018-1,295.0,138.0,44.0,6.0,50.0
Arquitectura y Diseño,Arquitectura,2019-1,244.0,210.0,78.0,13.0,91.0
Arquitectura y Diseño,Arquitectura,2020-1,241.0,193.0,73.0,10.0,83.0
Arquitectura y Diseño,Arquitectura,2021-1,341.0,245.0,55.0,22.0,77.0
Arquitectura y Diseño,Arquitectura,2017-2,239.0,139.0,55.0,15.0,70.0
Arquitectura y Diseño,Arquitectura,2018-2,185.0,151.0,53.0,8.0,61.0
Arquitectura y Diseño,Arquitectura,2019-2,195.0,173.0,76.0,7.0,83.0
Arquitectura y Diseño,Arquitectura,2020-2,250.0,205.0,82.0,10.0,92.0
Arquitectura y Diseño,Diseño,2017-1,256.0,170.0,70.0,10.0,80.0
Arquitectura y Diseño,Diseño,2018-1,184.0,177.0,53.0,14.0,67.0
Arquitectura y Diseño,Diseño,2019-1,201.0,171.0,67.0,11.0,78.0
Arquitectura y Diseño,Diseño,2020-1,194.0,162.0,62.0,11.0,73.0
Arquitectura y Diseño,Diseño,2021-1,235.0,182.0,60.0,11.0,71.0
Arquitectura y Diseño,Diseño,2017-2,213.0,142.0,68.0,8.0,76.0
Arquitectura y Diseño,Diseño,2018-2,210.0,159.0,70.0,8.0,78.0
Arquitectura y Diseño,Diseño,2019-2,219.0,152.0,77.0,14.0,91.0
Arquitectura y Diseño,Diseño,2020-2,249.0,176.0,103.0,9.0,112.0
Arquitectura y Diseño,Total,2017-1,722.0,305.0,128.0,25.0,153.0
Arquitectura y Diseño,Total,2018-1,479.0,315.0,97.0,20.0,117.0
Arquitectura y Diseño,Total,2019-1,445.0,381.0,145.0,24.0,169.0
Arquitectura y Diseño,Total,2020-1,435.0,355.0,135.0,21.0,156.0
Arquitectura y Diseño,Total,2021-1,576.0,427.0,115.0,33.0,148.0
Arquitectura y Diseño,Total,2017-2,452.0,281.0,123.0,23.0,146.0
Arquitectura y Diseño,Total,2018-2,395.0,310.0,123.0,16.0,139.0
Arquitectura y Diseño,Total,2019-2,414.0,325.0,153.0,21.0,174.0
Arquitectura y Diseño,Total,2020-2,499.0,381.0,185.0,19.0,204.0
Artes y Humanidades,Arte,2017-1,96.0,105.0,36.0,2.0,38.0
Artes y Humanidades,Arte,2018-1,76.0,51.0,24.0,6.0,30.0
Artes y Humanidades,Arte,2019-1,52.0,43.0,8.0,2.0,10.0
Artes y Humanidades,Arte,2020-1,59.0,58.0,13.0,2.0,15.0
Artes y Humanidades,Arte,2021-1,73.0,62.0,14.0,1.0,15.0
Artes y Humanidades,Arte,2017-2,59.0,65.0,22.0,2.0,24.0
Artes y Humanidades,Arte,2018-2,44.0,46.0,11.0,2.0,13.0
Artes y Humanidades,Arte,2019-2,53.0,50.0,22.0,1.0,23.0
Artes y Humanidades,Arte,2020-2,71.0,68.0,20.0,4.0,24.0
Artes y Humanidades,Historia del Arte,2017-1,37.0,41.0,16.0,1.0,17.0
Artes y Humanidades,Historia del Arte,2018-1,15.0,20.0,8.0,1.0,9.0
Artes y Humanidades,Historia del Arte,2019-1,23.0,19.0,9.0,0.0,9.0
Artes y Humanidades,Historia del Arte,2020-1,10.0,8.0,8.0,0.0,8.0
Artes y Humanidades,Historia del Arte,2021-1,8.0,4.0,1.0,0.0,1.0
Artes y Humanidades,Historia del Arte,2017-2,26.0,29.0,12.0,0.0,12.0
Artes y Humanidades,Historia del Arte,2018-2,13.0,18.0,6.0,2.0,8.0
Artes y Humanidades,Historia del Arte,2019-2,18.0,18.0,5.0,0.0,5.0
Artes y Humanidades,Historia del Arte,2020-2,10.0,12.0,9.0,1.0,10.0
Artes y Humanidades,Literatura,2017-1,93.0,106.0,29.0,2.0,31.0
Artes y Humanidades,Literatura,2018-1,57.0,66.0,19.0,5.0,24.0
Artes y Humanidades,Literatura,2019-1,50.0,48.0,12.0,0.0,12.0
Artes y Humanidades,Literatura,2020-1,40.0,42.0,13.0,0.0,13.0
Artes y Humanidades,Literatura,2021-1,58.0,48.0,11.0,1.0,12.0
Artes y Humanidades,Literatura,2017-2,55.0,53.0,14.0,3.0,17.0
Artes y Humanidades,Literatura,2018-2,35.0,37.0,14.0,1.0,15.0
Artes y Humanidades,Literatura,2019-2,33.0,32.0,4.0,2.0,6.0
Artes y Humanidades,Literatura,2020-2,35.0,32.0,12.0,1.0,13.0
Artes y Humanidades,Música,2017-1,92.0,51.0,19.0,2.0,21.0
Artes y Humanidades,Música,2018-1,77.0,25.0,12.0,1.0,13.0
Artes y Humanidades,Música,2019-1,75.0,40.0,13.0,1.0,14.0
Artes y Humanidades,Música,2020-1,87.0,39.0,20.0,1.0,21.0
Artes y Humanidades,Música,2021-1,104.0,46.0,13.0,3.0,16.0
Artes y Humanidades,Música,2017-2,70.0,47.0,28.0,2.0,30.0
Artes y Humanidades,Música,2018-2,68.0,38.0,18.0,1.0,19.0
Artes y Humanidades,Música,2019-2,68.0,40.0,18.0,1.0,19.0
Artes y Humanidades,Música,2020-2,99.0,67.0,34.0,1.0,35.0
Artes y Humanidades,Narrativas digitales,2019-1,37.0,29.0,6.0,0.0,6.0
Artes y Humanidades,Narrativas digitales,2020-1,84.0,70.0,31.0,3.0,34.0
Artes y Humanidades,Narrativas digitales,2021-1,73.0,60.0,16.0,4.0,20.0
Artes y Humanidades,Narrativas digitales,2019-2,60.0,49.0,20.0,1.0,21.0
Artes y Humanidades,Narrativas digitales,2020-2,82.0,90.0,39.0,2.0,41.0
Artes y Humanidades,Total,2016-1,387.0,236.0,76.0,7.0,83.0
Artes y Humanidades,Total,2017-1,318.0,303.0,100.0,7.0,107.0
Artes y Humanidades,Total,2018-1,225.0,162.0,63.0,13.0,76.0
Artes y Humanidades,Total,2019-1,237.0,179.0,48.0,3.0,51.0
Artes y Humanidades,Total,2020-1,280.0,217.0,85.0,6.0,91.0
Artes y Humanidades,Total,2021-1,316.0,220.0,55.0,9.0,64.0
Artes y Humanidades,Total,2016-2,214.0,191.0,74.0,8.0,82.0
Artes y Humanidades,Total,2017-2,210.0,194.0,76.0,7.0,83.0
Artes y Humanidades,Total,2018-2,160.0,139.0,49.0,6.0,55.0
Artes y Humanidades,Total,2019-2,232.0,189.0,69.0,5.0,74.0
Artes y Humanidades,Total,2020-2,297.0,269.0,114.0,9.0,123.0
Ciencias,Biología,2017-1,99.0,58.0,20.0,3.0,23.0
Ciencias,Biología,2018-1,73.0,46.0,8.0,1.0,9.0
Ciencias,Biología,2019-1,56.0,53.0,14.0,3.0,17.0
Ciencias,Biología,2020-1,73.0,77.0,27.0,1.0,28.0
Ciencias,Biología,2021-1,99.0,93.0,25.0,7.0,32.0
Ciencias,Biología,2017-2,53.0,37.0,17.0,3.0,20.0
Ciencias,Biología,2018-2,41.0,48.0,16.0,0.0,16.0
Ciencias,Biología,2019-2,51.0,63.0,20.0,2.0,22.0
Ciencias,Biología,2020-2,63.0,64.0,14.0,0.0,14.0
Ciencias,Física,2017-1,146.0,51.0,29.0,0.0,29.0
Ciencias,Física,2018-1,145.0,70.0,25.0,0.0,25.0
Ciencias,Física,2019-1,133.0,118.0,45.0,2.0,47.0
Ciencias,Física,2020-1,160.0,156.0,64.0,2.0,66.0
Ciencias,Física,2021-1,187.0,175.0,54.0,10.0,64.0
Ciencias,Física,2017-2,43.0,33.0,11.0,1.0,12.0
Ciencias,Física,2018-2,57.0,50.0,21.0,6.0,27.0
Ciencias,Física,2019-2,75.0,62.0,34.0,5.0,39.0
Ciencias,Física,2020-2,113.0,107.0,40.0,5.0,45.0
Ciencias,Geociencias,2017-1,160.0,35.0,13.0,,13.0
Ciencias,Geociencias,2018-1,102.0,69.0,18.0,4.0,22.0
Ciencias,Geociencias,2019-1,61.0,45.0,17.0,1.0,18.0
Ciencias,Geociencias,2020-1,66.0,54.0,17.0,1.0,18.0
Ciencias,Geociencias,2021-1,76.0,61.0,16.0,3.0,19.0
Ciencias,Geociencias,2017-2,49.0,21.0,10.0,3.0,13.0
Ciencias,Geociencias,2018-2,26.0,20.0,11.0,6.0,17.0
Ciencias,Geociencias,2019-2,29.0,24.0,10.0,2.0,12.0
Ciencias,Geociencias,2020-2,28.0,29.0,9.0,0.0,9.0
Ciencias,Matemáticas,2017-1,36.0,29.0,9.0,3.0,12.0
Ciencias,Matemáticas,2018-1,35.0,31.0,10.0,2.0,12.0
Ciencias,Matemáticas,2019-1,38.0,35.0,13.0,1.0,14.0
Ciencias,Matemáticas,2020-1,31.0,27.0,9.0,1.0,10.0
Ciencias,Matemáticas,2021-1,45.0,39.0,10.0,1.0,11.0
Ciencias,Matemáticas,2017-2,24.0,18.0,12.0,0.0,12.0
Ciencias,Matemáticas,2018-2,29.0,26.0,11.0,0.0,11.0
Ciencias,Matemáticas,2019-2,25.0,25.0,14.0,0.0,14.0
Ciencias,Matemáticas,2020-2,29.0,29.0,14.0,0.0,14.0
Ciencias,Microbiología,2017-1,113.0,64.0,27.0,1.0,28.0
Ciencias,Microbiología,2018-1,67.0,58.0,16.0,0.0,16.0
Ciencias,Microbiología,2019-1,53.0,59.0,11.0,0.0,11.0
Ciencias,Microbiología,2020-1,58.0,81.0,24.0,1.0,25.0
Ciencias,Microbiología,2021-1,75.0,79.0,19.0,3.0,22.0
Ciencias,Microbiología,2017-2,54.0,33.0,13.0,2.0,15.0
Ciencias,Microbiología,2018-2,33.0,53.0,8.0,0.0,8.0
Ciencias,Microbiología,2019-2,36.0,45.0,11.0,2.0,13.0
Ciencias,Microbiología,2020-2,48.0,67.0,14.0,0.0,14.0
Ciencias,Química,2017-1,70.0,51.0,20.0,,20.0
Ciencias,Química,2018-1,40.0,44.0,7.0,1.0,8.0
Ciencias,Química,2019-1,26.0,24.0,5.0,0.0,5.0
Ciencias,Química,2020-1,49.0,51.0,13.0,2.0,15.0
Ciencias,Química,2021-1,60.0,43.0,9.0,1.0,10.0
Ciencias,Química,2017-2,20.0,14.0,3.0,5.0,8.0
Ciencias,Química,2018-2,16.0,22.0,3.0,1.0,4.0
Ciencias,Química,2019-2,20.0,24.0,8.0,1.0,9.0
Ciencias,Química,2020-2,28.0,27.0,7.0,2.0,9.0
Ciencias,Total,2017-1,624.0,288.0,118.0,7.0,125.0
Ciencias,Total,2018-1,462.0,318.0,84.0,8.0,92.0
Ciencias,Total,2019-1,367.0,334.0,105.0,7.0,112.0
Ciencias,Total,2020-1,437.0,446.0,154.0,8.0,162.0
Ciencias,Total,2021-1,542.0,490.0,133.0,25.0,158.0
Ciencias,Total,2017-2,243.0,156.0,66.0,14.0,80.0
Ciencias,Total,2018-2,202.0,219.0,70.0,13.0,83.0
Ciencias,Total,2019-2,236.0,243.0,97.0,12.0,109.0
Ciencias,Total,2020-2,309.0,323.0,98.0,7.0,105.0
Ciencias Sociales,Antropología,2017-1,78.0,43.0,15.0,5.0,20.0
Ciencias Sociales,Antropología,2018-1,56.0,56.0,8.0,1.0,9.0
Ciencias Sociales,Antropología,2019-1,36.0,31.0,15.0,2.0,17.0
Ciencias Sociales,Antropología,2020-1,48.0,36.0,10.0,3.0,13.0
Ciencias Sociales,Antropología,2021-1,53.0,39.0,9.0,3.0,12.0
Ciencias Sociales,Antropología,2017-2,36.0,30.0,11.0,1.0,12.0
Ciencias Sociales,Antropología,2018-2,29.0,34.0,10.0,6.0,16.0
Ciencias Sociales,Antropología,2019-2,31.0,26.0,10.0,1.0,11.0
Ciencias Sociales,Antropología,2020-2,44.0,43.0,17.0,1.0,18.0
Ciencias Sociales,Ciencia Política,2017-1,275.0,138.0,38.0,5.0,43.0
Ciencias Sociales,Ciencia Política,2018-1,130.0,144.0,18.0,6.0,24.0
Ciencias Sociales,Ciencia Política,2019-1,116.0,126.0,32.0,5.0,37.0
Ciencias Sociales,Ciencia Política,2020-1,117.0,112.0,30.0,3.0,33.0
Ciencias Sociales,Ciencia Política,2021-1,137.0,96.0,25.0,6.0,31.0
Ciencias Sociales,Ciencia Política,2017-2,124.0,162.0,43.0,3.0,46.0
Ciencias Sociales,Ciencia Política,2018-2,94.0,99.0,23.0,6.0,29.0
Ciencias Sociales,Ciencia Política,2019-2,90.0,83.0,27.0,3.0,30.0
Ciencias Sociales,Ciencia Política,2020-2,97.0,93.0,21.0,4.0,25.0
Ciencias Sociales,Filosofía,2017-1,22.0,34.0,8.0,1.0,9.0
Ciencias Sociales,Filosofía,2018-1,14.0,20.0,4.0,1.0,5.0
Ciencias Sociales,Filosofía,2019-1,13.0,12.0,1.0,0.0,1.0
Ciencias Sociales,Filosofía,2020-1,26.0,23.0,7.0,1.0,8.0
Ciencias Sociales,Filosofía,2021-1,22.0,18.0,8.0,1.0,9.0
Ciencias Sociales,Filosofía,2017-2,15.0,16.0,5.0,1.0,6.0
Ciencias Sociales,Filosofía,2018-2,9.0,9.0,4.0,2.0,6.0
Ciencias Sociales,Filosofía,2019-2,17.0,14.0,4.0,0.0,4.0
Ciencias Sociales,Filosofía,2020-2,22.0,25.0,14.0,1.0,15.0
Ciencias Sociales,Historia,2017-1,28.0,38.0,9.0,1.0,10.0
Ciencias Sociales,Historia,2018-1,20.0,24.0,2.0,0.0,2.0
Ciencias Sociales,Historia,2019-1,8.0,7.0,2.0,0.0,2.0
Ciencias Sociales,Historia,2020-1,14.0,12.0,4.0,0.0,4.0
Ciencias Sociales,Historia,2021-1,15.0,10.0,5.0,2.0,7.0
Ciencias Sociales,Historia,2017-2,22.0,20.0,12.0,0.0,12.0
Ciencias Sociales,Historia,2018-2,12.0,9.0,2.0,0.0,2.0
Ciencias Sociales,Historia,2019-2,15.0,16.0,4.0,1.0,5.0
Ciencias Sociales,Historia,2020-2,11.0,10.0,4.0,0.0,4.0
Ciencias Sociales,Lenguas y Cultura,2017-1,184.0,82.0,28.0,1.0,29.0
Ciencias Sociales,Lenguas y Cultura,2018-1,115.0,81.0,15.0,0.0,15.0
Ciencias Sociales,Lenguas y Cultura,2019-1,87.0,72.0,19.0,2.0,21.0
Ciencias Sociales,Lenguas y Cultura,2020-1,102.0,76.0,17.0,0.0,17.0
Ciencias Sociales,Lenguas y Cultura,2021-1,147.0,111.0,37.0,2.0,39.0
Ciencias Sociales,Lenguas y Cultura,2017-2,75.0,43.0,15.0,1.0,16.0
Ciencias Sociales,Lenguas y Cultura,2018-2,40.0,38.0,7.0,3.0,10.0
Ciencias Sociales,Lenguas y Cultura,2019-2,42.0,28.0,9.0,0.0,9.0
Ciencias Sociales,Lenguas y Cultura,2020-2,21.0,19.0,3.0,2.0,5.0
Ciencias Sociales,Psicología,2017-1,278.0,126.0,40.0,7.0,47.0
Ciencias Sociales,Psicología,2018-1,143.0,122.0,14.0,5.0,19.0
Ciencias Sociales,Psicología,2019-1,132.0,111.0,20.0,4.0,24.0
Ciencias Sociales,Psicología,2020-1,165.0,126.0,34.0,5.0,39.0
Ciencias Sociales,Psicología,2021-1,197.0,93.0,22.0,3.0,25.0
Ciencias Sociales,Psicología,2017-2,203.0,136.0,37.0,3.0,40.0
Ciencias Sociales,Psicología,2018-2,138.0,130.0,33.0,3.0,36.0
Ciencias Sociales,Psicología,2019-2,153.0,129.0,36.0,5.0,41.0
Ciencias Sociales,Psicología,2020-2,154.0,69.0,29.0,2.0,31.0
Ciencias Sociales,Total,2017-1,865.0,461.0,138.0,20.0,158.0
Ciencias Sociales,Total,2018-1,478.0,447.0,61.0,13.0,74.0
Ciencias Sociales,Total,2019-1,392.0,359.0,89.0,13.0,102.0
Ciencias Sociales,Total,2020-1,472.0,385.0,102.0,12.0,114.0
Ciencias Sociales,Total,2021-1,571.0,367.0,106.0,17.0,123.0
Ciencias Sociales,Total,2017-2,475.0,407.0,123.0,9.0,132.0
Ciencias Sociales,Total,2018-2,322.0,319.0,79.0,20.0,99.0
Ciencias Sociales,Total,2019-2,348.0,296.0,90.0,10.0,100.0
Ciencias Sociales,Total,2020-2,349.0,259.0,88.0,10.0,98.0
Derecho,Derecho,2017-1,742.0,167.0,63.0,6.0,69.0
Derecho,Derecho,2018-1,511.0,227.0,75.0,12.0,87.0
Derecho,Derecho,2019-1,452.0,277.0,85.0,9.0,94.0
Derecho,Derecho,2020-1,481.0,423.0,143.0,14.0,157.0
Derecho,Derecho,2021-1,584.0,413.0,114.0,20.0,134.0
Derecho,Derecho,2017-2,421.0,149.0,53.0,6.0,59.0
Derecho,Derecho,2018-2,354.0,255.0,96.0,12.0,108.0
Derecho,Derecho,2019-2,357.0,260.0,106.0,16.0,122.0
Derecho,Derecho,2020-2,418.0,346.0,158.0,13.0,171.0
Economía,Economía,2017-1,488.0,153.0,70.0,7.0,77.0
Economía,Economía,2018-1,331.0,201.0,88.0,5.0,93.0
Economía,Economía,2019-1,312.0,224.0,92.0,4.0,96.0
Economía,Economía,2020-1,313.0,302.0,107.0,8.0,115.0
Economía,Economía,2021-1,343.0,287.0,106.0,13.0,119.0
Economía,Economía,2017-2,235.0,135.0,66.0,9.0,75.0
Economía,Economía,2018-2,236.0,173.0,89.0,11.0,100.0
Economía,Economía,2019-2,258.0,158.0,85.0,10.0,95.0
Economía,Economía,2020-2,326.0,255.0,123.0,18.0,141.0
Educación,Lic. en Arte,2017-1,3.0,4.0,2.0,0.0,2.0
Educación,Lic. en Arte,2018-1,0.0,1.0,0.0,0.0,0.0
Educación,Lic. en Arte,2019-1,5.0,3.0,1.0,0.0,1.0
Educación,Lic. en Arte,2020-1,3.0,2.0,2.0,0.0,2.0
Educación,Lic. en Arte,2021-1,6.0,3.0,1.0,0.0,1.0
Educación,Lic. en Arte,2017-2,1.0,0.0,0.0,0.0,0.0
Educación,Lic. en Arte,2018-2,1.0,0.0,0.0,0.0,0.0
Educación,Lic. en Arte,2019-2,0.0,1.0,0.0,0.0,0.0
Educación,Lic. en Arte,2020-2,3.0,4.0,1.0,0.0,1.0
Educación,Lic. en Biología,2019-1,1.0,0.0,0.0,0.0,0.0
Educación,Lic. en Biología,2020-1,3.0,1.0,1.0,0.0,1.0
Educación,Lic. en Biología,2021-1,2.0,1.0,0.0,0.0,0.0
Educación,Lic. en Biología,2019-2,0.0,0.0,0.0,0.0,0.0
Educación,Lic. en Biología,2020-2,2.0,2.0,0.0,0.0,0.0
Educación,Lic. en Ciencias Naturales,2017-1,5.0,6.0,2.0,0.0,2.0
Educación,Lic. en Ciencias Naturales,2018-1,2.0,2.0,0.0,0.0,0.0
Educación,Lic. en Ciencias Naturales,2017-2,3.0,1.0,0.0,0.0,0.0
Educación,Lic. en Ciencias Sociales,2017-1,10.0,7.0,1.0,0.0,1.0
Educación,Lic. en Ciencias Sociales,2018-1,6.0,3.0,0.0,0.0,0.0
Educación,Lic. en Ciencias Sociales,2017-2,5.0,1.0,0.0,0.0,0.0
Educación,Lic. en Primera Infancia,2017-1,8.0,3.0,0.0,0.0,0.0
Educación,Lic. en Primera Infancia,2018-1,6.0,2.0,0.0,0.0,0.0
Educación,Lic. en Primera Infancia,2017-2,5.0,0.0,0.0,0.0,0.0
Educación,Lic. en Educación Infantil,2019-1,5.0,1.0,0.0,0.0,0.0
Educación,Lic. en Educación Infantil,2020-1,10.0,7.0,2.0,0.0,2.0
Educación,Lic. en Educación Infantil,2021-1,17.0,4.0,1.0,0.0,1.0
Educación,Lic. en Educación Infantil,2018-2,5.0,2.0,1.0,0.0,1.0
Educación,Lic. en Educación Infantil,2019-2,5.0,2.0,1.0,0.0,1.0
Educación,Lic. en Educación Infantil,2020-2,4.0,4.0,2.0,0.0,2.0
Educación,Lic. en Español y Filología,2019-1,5.0,1.0,0.0,0.0,0.0
Educación,Lic. en Español y Filología,2020-1,9.0,6.0,3.0,0.0,3.0
Educación,Lic. en Español y Filología,2021-1,10.0,7.0,2.0,0.0,2.0
Educación,Lic. en Español y Filología,2018-2,5.0,2.0,1.0,0.0,1.0
Educación,Lic. en Español y Filología,2019-2,5.0,2.0,1.0,0.0,1.0
Educación,Lic. en Español y Filología,2020-2,4.0,4.0,2.0,0.0,2.0
Educación,Lic. en Física,2019-1,1.0,1.0,0.0,0.0,0.0
Educación,Lic. en Física,2020-1,2.0,2.0,2.0,0.0,2.0
Educación,Lic. en Física,2021-1,2.0,2.0,0.0,0.0,0.0
Educación,Lic. en Física,2019-2,1.0,1.0,1.0,0.0,1.0
Educación,Lic. en Física,2020-2,2.0,2.0,0.0,0.0,0.0
Educación,Lic. en Filosofía,2020-1,0.0,1.0,0.0,0.0,0.0
Educación,Lic. en Filosofía,2021-1,1.0,1.0,0.0,0.0,0.0
Educación,Lic. en Filosofía,2020-2,1.0,0.0,0.0,0.0,0.0
Educación,Lic. en Historia,2019-1,1.0,1.0,1.0,0.0,1.0
Educación,Lic. en Historia,2020-1,5.0,3.0,0.0,0.0,0.0
Educación,Lic. en Historia,2021-1,3.0,2.0,0.0,0.0,0.0
Educación,Lic. en Historia,2018-2,2.0,0.0,0.0,0.0,0.0
Educación,Lic. en Historia,2019-2,0.0,0.0,0.0,0.0,0.0
Educación,Lic. en Historia,2020-2,6.0,9.0,3.0,1.0,4.0
Educación,Lic. En Humanidades,2017-1,8.0,4.0,1.0,0.0,1.0
Educación,Lic. En Humanidades,2018-1,3.0,3.0,0.0,0.0,0.0
Educación,Lic. En Humanidades,2017-2,2.0,1.0,0.0,0.0,0.0
Educación,Lic. en Matemáticas,2017-1,7.0,3.0,1.0,0.0,1.0
Educación,Lic. en Matemáticas,2018-1,3.0,10.0,2.0,0.0,2.0
Educación,Lic. en Matemáticas,2019-1,1.0,2.0,0.0,0.0,0.0
Educación,Lic. en Matemáticas,2020-1,4.0,1.0,0.0,0.0,0.0
Educación,Lic. en Matemáticas,2021-1,5.0,2.0,1.0,0.0,1.0
Educación,Lic. en Matemáticas,2017-2,1.0,0.0,0.0,0.0,0.0
Educación,Lic. en Matemáticas,2018-2,2.0,1.0,1.0,0.0,1.0
Educación,Lic. en Matemáticas,2019-2,1.0,1.0,0.0,0.0,0.0
Educación,Lic. en Matemáticas,2020-2,2.0,2.0,0.0,0.0,0.0
Educación,Lic. en Química,2019-1,1.0,1.0,0.0,0.0,0.0
Educación,Lic. en Química,2020-1,0.0,1.0,0.0,0.0,0.0
Educación,Lic. en Química,2021-1,5.0,4.0,1.0,0.0,1.0
Educación,Lic. en Química,2019-2,5.0,2.0,0.0,0.0,0.0
Educación,Lic. en Química,2020-2,2.0,2.0,2.0,0.0,2.0
Educación,Total,2017-1,41.0,27.0,7.0,0.0,7.0
Educación,Total,2018-1,20.0,21.0,2.0,0.0,2.0
Educación,Total,2019-1,20.0,10.0,2.0,0.0,2.0
Educación,Total,2020-1,36.0,24.0,10.0,0.0,10.0
Educación,Total,2021-1,51.0,26.0,6.0,0.0,6.0
Educación,Total,2017-2,17.0,3.0,0.0,0.0,0.0
Educación,Total,2018-2,10.0,3.0,2.0,0.0,2.0
Educación,Total,2019-2,13.0,7.0,2.0,0.0,2.0
Educación,Total,2020-2,30.0,31.0,10.0,1.0,11.0
EstudiosDirigidos,EstudiosDirigidos,2017-1,109.0,88.0,38.0,8.0,46.0
EstudiosDirigidos,EstudiosDirigidos,2018-1,88.0,79.0,45.0,10.0,55.0
EstudiosDirigidos,EstudiosDirigidos,2019-1,62.0,62.0,24.0,15.0,39.0
EstudiosDirigidos,EstudiosDirigidos,2020-1,83.0,79.0,44.0,11.0,55.0
EstudiosDirigidos,EstudiosDirigidos,2021-1,55.0,49.0,20.0,6.0,26.0
EstudiosDirigidos,EstudiosDirigidos,2017-2,141.0,118.0,69.0,4.0,73.0
EstudiosDirigidos,EstudiosDirigidos,2018-2,132.0,128.0,55.0,3.0,58.0
EstudiosDirigidos,EstudiosDirigidos,2019-2,132.0,139.0,62.0,7.0,69.0
EstudiosDirigidos,EstudiosDirigidos,2020-2,137.0,148.0,71.0,3.0,74.0
Escuela de Gobierno,Gobierno y AP,2017-1,134.0,123.0,38.0,3.0,41.0
Escuela de Gobierno,Gobierno y AP,2018-1,95.0,134.0,19.0,7.0,26.0
Escuela de Gobierno,Gobierno y AP,2019-1,99.0,106.0,21.0,5.0,26.0
Escuela de Gobierno,Gobierno y AP,2020-1,71.0,57.0,29.0,3.0,32.0
Escuela de Gobierno,Gobierno y AP,2021-1,76.0,50.0,16.0,0.0,16.0
Escuela de Gobierno,Gobierno y AP,2017-2,76.0,95.0,40.0,3.0,43.0
Escuela de Gobierno,Gobierno y AP,2018-2,64.0,78.0,26.0,6.0,32.0
Escuela de Gobierno,Gobierno y AP,2019-2,61.0,53.0,22.0,3.0,25.0
Escuela de Gobierno,Gobierno y AP,2020-2,56.0,59.0,24.0,1.0,25.0
Escuela de Gobierno,Total,2017-1,134.0,123.0,38.0,3.0,41.0
Escuela de Gobierno,Total,2018-1,95.0,134.0,19.0,7.0,26.0
Escuela de Gobierno,Total,2019-1,99.0,106.0,21.0,5.0,26.0
Escuela de Gobierno,Total,2020-1,71.0,57.0,29.0,3.0,32.0
Escuela de Gobierno,Total,2021-1,76.0,50.0,16.0,0.0,16.0
Escuela de Gobierno,Total,2017-2,76.0,95.0,40.0,3.0,43.0
Escuela de Gobierno,Total,2018-2,64.0,78.0,26.0,6.0,32.0
Escuela de Gobierno,Total,2019-2,61.0,53.0,22.0,3.0,25.0
Escuela de Gobierno,Total,2020-2,56.0,59.0,24.0,1.0,25.0
Ingeniería,Ingeniería de Alimentos,2020-2,24.0,21.0,6.0,0.0,6.0
Ingeniería,Ingeniería de Alimentos,2021-1,46.0,37.0,23.0,2.0,25.0
Ingeniería,Ingeniería Ambiental,2017-1,183.0,104.0,51.0,4.0,55.0
Ingeniería,Ingeniería Ambiental,2018-1,101.0,111.0,21.0,4.0,25.0
Ingeniería,Ingeniería Ambiental,2019-1,72.0,56.0,24.0,5.0,29.0
Ingeniería,Ingeniería Ambiental,2020-1,74.0,58.0,22.0,0.0,22.0
Ingeniería,Ingeniería Ambiental,2021-1,93.0,66.0,18.0,3.0,21.0
Ingeniería,Ingeniería Ambiental,2017-2,59.0,59.0,24.0,4.0,28.0
Ingeniería,Ingeniería Ambiental,2018-2,38.0,48.0,15.0,5.0,20.0
Ingeniería,Ingeniería Ambiental,2019-2,46.0,38.0,17.0,0.0,17.0
Ingeniería,Ingeniería Ambiental,2020-2,36.0,29.0,7.0,2.0,9.0
Ingeniería,Ingeniería Biomédica,2017-1,323.0,125.0,63.0,3.0,66.0
Ingeniería,Ingeniería Biomédica,2018-1,208.0,174.0,54.0,10.0,64.0
Ingeniería,Ingeniería Biomédica,2019-1,172.0,183.0,66.0,1.0,67.0
Ingeniería,Ingeniería Biomédica,2020-1,208.0,268.0,98.0,4.0,102.0
Ingeniería,Ingeniería Biomédica,2021-1,229.0,224.0,56.0,9.0,65.0
Ingeniería,Ingeniería Biomédica,2017-2,117.0,88.0,39.0,4.0,43.0
Ingeniería,Ingeniería Biomédica,2018-2,111.0,146.0,45.0,11.0,56.0
Ingeniería,Ingeniería Biomédica,2019-2,115.0,136.0,46.0,4.0,50.0
Ingeniería,Ingeniería Biomédica,2020-2,121.0,132.0,41.0,5.0,46.0
Ingeniería,Ingeniería Civil,2017-1,706.0,152.0,66.0,5.0,71.0
Ingeniería,Ingeniería Civil,2018-1,373.0,233.0,70.0,4.0,74.0
Ingeniería,Ingeniería Civil,2019-1,225.0,195.0,76.0,6.0,82.0
Ingeniería,Ingeniería Civil,2020-1,245.0,221.0,82.0,8.0,90.0
Ingeniería,Ingeniería Civil,2021-1,262.0,185.0,59.0,8.0,67.0
Ingeniería,Ingeniería Civil,2017-2,195.0,137.0,79.0,9.0,88.0
Ingeniería,Ingeniería Civil,2018-2,134.0,115.0,56.0,13.0,69.0
Ingeniería,Ingeniería Civil,2019-2,104.0,87.0,39.0,11.0,50.0
Ingeniería,Ingeniería Civil,2020-2,136.0,121.0,41.0,9.0,50.0
Ingeniería,Ingeniería Eléctrica,2017-1,69.0,61.0,25.0,0.0,25.0
Ingeniería,Ingeniería Eléctrica,2018-1,67.0,37.0,10.0,2.0,12.0
Ingeniería,Ingeniería Eléctrica,2019-1,25.0,22.0,10.0,1.0,11.0
Ingeniería,Ingeniería Eléctrica,2020-1,34.0,30.0,13.0,0.0,13.0
Ingeniería,Ingeniería Eléctrica,2021-1,24.0,21.0,5.0,2.0,7.0
Ingeniería,Ingeniería Eléctrica,2017-2,16.0,17.0,6.0,3.0,9.0
Ingeniería,Ingeniería Eléctrica,2018-2,20.0,15.0,11.0,2.0,13.0
Ingeniería,Ingeniería Eléctrica,2019-2,16.0,12.0,6.0,1.0,7.0
Ingeniería,Ingeniería Eléctrica,2020-2,24.0,20.0,4.0,1.0,5.0
Ingeniería,Ingeniería Electrónica,2017-1,352.0,115.0,47.0,1.0,48.0
Ingeniería,Ingeniería Electrónica,2018-1,194.0,125.0,41.0,3.0,44.0
Ingeniería,Ingeniería Electrónica,2019-1,114.0,105.0,38.0,3.0,41.0
Ingeniería,Ingeniería Electrónica,2020-1,137.0,129.0,54.0,5.0,59.0
Ingeniería,Ingeniería Electrónica,2021-1,134.0,107.0,33.0,2.0,35.0
Ingeniería,Ingeniería Electrónica,2017-2,81.0,66.0,31.0,3.0,34.0
Ingeniería,Ingeniería Electrónica,2018-2,72.0,63.0,26.0,5.0,31.0
Ingeniería,Ingeniería Electrónica,2019-2,49.0,44.0,19.0,0.0,19.0
Ingeniería,Ingeniería Electrónica,2020-2,72.0,67.0,22.0,5.0,27.0
Ingeniería,Ingeniería Industrial,2017-1,602.0,195.0,86.0,13.0,99.0
Ingeniería,Ingeniería Industrial,2018-1,350.0,274.0,91.0,22.0,113.0
Ingeniería,Ingeniería Industrial,2019-1,266.0,219.0,97.0,20.0,117.0
Ingeniería,Ingeniería Industrial,2020-1,280.0,244.0,99.0,11.0,110.0
Ingeniería,Ingeniería Industrial,2021-1,310.0,239.0,85.0,24.0,109.0
Ingeniería,Ingeniería Industrial,2017-2,327.0,234.0,124.0,11.0,135.0
Ingeniería,Ingeniería Industrial,2018-2,286.0,275.0,146.0,19.0,165.0
Ingeniería,Ingeniería Industrial,2019-2,242.0,243.0,142.0,19.0,161.0
Ingeniería,Ingeniería Industrial,2020-2,295.0,281.0,140.0,12.0,152.0
Ingeniería,Ingeniería Mecánica,2017-1,396.0,139.0,74.0,5.0,79.0
Ingeniería,Ingeniería Mecánica,2018-1,261.0,200.0,66.0,9.0,75.0
Ingeniería,Ingeniería Mecánica,2019-1,186.0,164.0,71.0,5.0,76.0
Ingeniería,Ingeniería Mecánica,2020-1,183.0,170.0,79.0,5.0,84.0
Ingeniería,Ingeniería Mecánica,2021-1,206.0,162.0,56.0,6.0,62.0
Ingeniería,Ingeniería Mecánica,2017-2,139.0,122.0,65.0,8.0,73.0
Ingeniería,Ingeniería Mecánica,2018-2,145.0,136.0,67.0,12.0,79.0
Ingeniería,Ingeniería Mecánica,2019-2,115.0,110.0,59.0,11.0,70.0
Ingeniería,Ingeniería Mecánica,2020-2,140.0,121.0,59.0,5.0,64.0
Ingeniería,Ingeniería Química,2017-1,410.0,174.0,85.0,9.0,94.0
Ingeniería,Ingeniería Química,2018-1,218.0,183.0,49.0,6.0,55.0
Ingeniería,Ingeniería Química,2019-1,186.0,169.0,68.0,8.0,76.0
Ingeniería,Ingeniería Química,2020-1,187.0,185.0,72.0,1.0,73.0
Ingeniería,Ingeniería Química,2021-1,,,,3.0,3.0
Ingeniería,Ingeniería Química,2017-2,113.0,100.0,39.0,12.0,51.0
Ingeniería,Ingeniería Química,2018-2,75.0,71.0,31.0,6.0,37.0
Ingeniería,Ingeniería Química,2019-2,72.0,71.0,31.0,2.0,33.0
Ingeniería,Ingeniería Química,2020-2,89.0,88.0,34.0,5.0,39.0
Ingeniería,Ingeniería de Sistemas,2017-1,492.0,168.0,87.0,2.0,89.0
Ingeniería,Ingeniería de Sistemas,2018-1,279.0,183.0,71.0,7.0,78.0
Ingeniería,Ingeniería de Sistemas,2019-1,236.0,207.0,72.0,4.0,76.0
Ingeniería,Ingeniería de Sistemas,2020-1,287.0,256.0,108.0,4.0,112.0
Ingeniería,Ingeniería de Sistemas,2021-1,381.0,285.0,93.0,5.0,98.0
Ingeniería,Ingeniería de Sistemas,2017-2,176.0,135.0,74.0,4.0,78.0
Ingeniería,Ingeniería de Sistemas,2018-2,118.0,112.0,59.0,5.0,64.0
Ingeniería,Ingeniería de Sistemas,2019-2,123.0,114.0,56.0,4.0,60.0
Ingeniería,Ingeniería de Sistemas,2020-2,152.0,140.0,60.0,10.0,70.0
Ingeniería,Total,2017-1,3533.0,1233.0,584.0,42.0,626.0
Ingeniería,Total,2018-1,2051.0,1520.0,473.0,67.0,540.0
Ingeniería,Total,2019-1,1482.0,1320.0,522.0,53.0,575.0
Ingeniería,Total,2020-1,1635.0,1561.0,627.0,38.0,665.0
Ingeniería,Total,2021-1,1685.0,1326.0,428.0,64.0,492.0
Ingeniería,Total,2017-2,1223.0,958.0,481.0,58.0,539.0
Ingeniería,Total,2018-2,999.0,981.0,456.0,78.0,534.0
Ingeniería,Total,2019-2,882.0,855.0,415.0,52.0,467.0
Ingeniería,Total,2020-2,1089.0,1020.0,414.0,54.0,468.0
Medicina,Medicina,2017-1,1668.0,117.0,33.0,5.0,38.0
Medicina,Medicina,2018-1,1027.0,115.0,32.0,6.0,38.0
Medicina,Medicina,2019-1,912.0,429.0,68.0,6.0,74.0
Medicina,Medicina,2020-1,946.0,93.0,33.0,4.0,37.0
Medicina,Medicina,2021-1,1170.0,306.0,83.0,10.0,93.0
Medicina,Medicina,2017-2,482.0,130.0,56.0,7.0,63.0
Medicina,Medicina,2018-2,649.0,104.0,52.0,16.0,68.0
Medicina,Medicina,2019-2,556.0,64.0,2.0,76.0,78.0
Medicina,Medicina,2020-2,670.0,159.0,57.0,8.0,65.0
Total Universidad,Total,2017-1,9795.0,3453.0,1403.0,142.0,1545.0
Total Universidad,Total,2018-1,6164.0,3800.0,1117.0,175.0,1292.0
Total Universidad,Total,2019-1,5192.0,3962.0,1299.0,150.0,1449.0
Total Universidad,Total,2020-1,5619.0,4304.0,1581.0,144.0,1725.0
Total Universidad,Total,2021-1,6454.0,4310.0,1297.0,213.0,1510.0
Total Universidad,Total,2017-2,4399.0,2829.0,1255.0,147.0,1402.0
Total Universidad,Total,2018-2,4008.0,2936.0,1209.0,194.0,1403.0
Total Universidad,Total,2019-2,3966.0,2869.0,1219.0,224.0,144.0
Total Universidad,Total,2020-2,4719.0,3659.0,1509.0,157.0,1666.0
